[
  {
    "id": "f7a418b4-8659-4b5e-ab53-4503959a1a7b",
    "data": [
      {
        "text": "Hello there. I can assist you with store hours or place an order. How may I help you ",
        "userDefined": false
      },
      {
        "text": "today",
        "alias": "date",
        "meta": "@sys.date",
        "userDefined": false
      },
      {
        "text": " ?",
        "userDefined": false
      }
    ],
    "isTemplate": false,
    "count": 0,
    "updated": 0
  },
  {
    "id": "227ddfa9-2365-4e8d-8db0-2326e8b59629",
    "data": [
      {
        "text": "Welcome to our store. I can assist you with store hours or place an order. Which would you like ?",
        "userDefined": false
      }
    ],
    "isTemplate": false,
    "count": 0,
    "updated": 0
  }
]