[
  {
    "id": "cbb346b7-9422-4cdf-9448-5b1996c4b2b1",
    "data": [
      {
        "text": "when do you close?",
        "userDefined": false
      }
    ],
    "isTemplate": false,
    "count": 0,
    "updated": 0
  },
  {
    "id": "2f240fdb-e035-4994-8b02-6d99b7e3efb9",
    "data": [
      {
        "text": "how long are you open for?",
        "userDefined": false
      }
    ],
    "isTemplate": false,
    "count": 0,
    "updated": 0
  },
  {
    "id": "879e02cb-a9b9-4edd-a568-cb4d1fe8a78f",
    "data": [
      {
        "text": "are you open ",
        "userDefined": false
      },
      {
        "text": "today",
        "alias": "date",
        "meta": "@sys.date",
        "userDefined": false
      },
      {
        "text": "?",
        "userDefined": false
      }
    ],
    "isTemplate": false,
    "count": 0,
    "updated": 0
  },
  {
    "id": "470c0aa1-2efa-4e34-a3de-c2ef8d20560e",
    "data": [
      {
        "text": "are you open right now?",
        "userDefined": false
      }
    ],
    "isTemplate": false,
    "count": 0,
    "updated": 0
  },
  {
    "id": "8c4af25b-0d81-47a7-b8e6-d6d2a499e1a1",
    "data": [
      {
        "text": "What time do you open?",
        "userDefined": false
      }
    ],
    "isTemplate": false,
    "count": 0,
    "updated": 0
  }
]