[
  {
    "id": "5f11e4f5-f73c-4cc7-81b3-90f2d267f5d6",
    "data": [
      {
        "text": "that would be it",
        "userDefined": false
      }
    ],
    "isTemplate": false,
    "count": 0,
    "updated": 0
  },
  {
    "id": "01d240ed-e94b-4d2e-9f51-85fc7cff2c74",
    "data": [
      {
        "text": "thank you i don\u0027t need more information",
        "userDefined": false
      }
    ],
    "isTemplate": false,
    "count": 0,
    "updated": 0
  },
  {
    "id": "567bba30-60e7-4ec6-9084-7c85f98d37b8",
    "data": [
      {
        "text": "i don\u0027t want more information",
        "userDefined": false
      }
    ],
    "isTemplate": false,
    "count": 0,
    "updated": 0
  },
  {
    "id": "09c5ef89-9d33-49aa-965f-a0e7cd33f77c",
    "data": [
      {
        "text": "goodbye",
        "userDefined": false
      }
    ],
    "isTemplate": false,
    "count": 0,
    "updated": 0
  },
  {
    "id": "32a83017-1588-4c3c-bbb5-258a0e7a842f",
    "data": [
      {
        "text": "bye",
        "userDefined": false
      }
    ],
    "isTemplate": false,
    "count": 0,
    "updated": 0
  }
]