[
  {
    "id": "ed1238ba-d009-4b54-9bbd-9b00e1e3d014",
    "data": [
      {
        "text": "Who is trump?",
        "userDefined": false
      }
    ],
    "isTemplate": false,
    "count": 0,
    "updated": 0
  },
  {
    "id": "ce55accd-5bec-44c0-9f0a-91282a631f02",
    "data": [
      {
        "text": "how is it outside?",
        "userDefined": false
      }
    ],
    "isTemplate": false,
    "count": 0,
    "updated": 0
  },
  {
    "id": "9a82ec37-7182-4d8e-a6f5-3d84bd342a7d",
    "data": [
      {
        "text": "is it cold?",
        "userDefined": false
      }
    ],
    "isTemplate": false,
    "count": 0,
    "updated": 0
  },
  {
    "id": "13d4672c-52ef-48bd-94fa-ca2dd342214b",
    "data": [
      {
        "text": "is it hot outside?",
        "userDefined": false
      }
    ],
    "isTemplate": false,
    "count": 0,
    "updated": 0
  },
  {
    "id": "1333c060-eff5-4915-aeb4-cb94a2ea3179",
    "data": [
      {
        "text": "is it going to rain?",
        "userDefined": false
      }
    ],
    "isTemplate": false,
    "count": 0,
    "updated": 0
  },
  {
    "id": "698f217e-9a15-4c44-8ea4-16e9b0929e4f",
    "data": [
      {
        "text": "do you have siblings?",
        "userDefined": false
      }
    ],
    "isTemplate": false,
    "count": 0,
    "updated": 0
  },
  {
    "id": "8597a105-0fcb-43ce-9eec-910ead03859b",
    "data": [
      {
        "text": "can you play music?",
        "userDefined": false
      }
    ],
    "isTemplate": false,
    "count": 0,
    "updated": 0
  },
  {
    "id": "356294fe-5e06-49dd-ae29-ecdb022da978",
    "data": [
      {
        "text": "who is the president?",
        "userDefined": false
      }
    ],
    "isTemplate": false,
    "count": 0,
    "updated": 0
  },
  {
    "id": "1da047cc-4812-4e01-aebf-b6025257328c",
    "data": [
      {
        "text": "what is the latest news?",
        "userDefined": false
      }
    ],
    "isTemplate": false,
    "count": 0,
    "updated": 0
  },
  {
    "id": "c171d385-b1c4-43f7-9960-b4ae37026a44",
    "data": [
      {
        "text": "how is the weather outside?",
        "userDefined": false
      }
    ],
    "isTemplate": false,
    "count": 0,
    "updated": 0
  },
  {
    "id": "a198bcc4-333c-4807-a6b6-c4fa5b2b8a42",
    "data": [
      {
        "text": "is it going to snow?",
        "userDefined": false
      }
    ],
    "isTemplate": false,
    "count": 0,
    "updated": 0
  }
]