[
  {
    "id": "2c58d3e0-c2ad-4262-8cfc-5d7efdd2a1aa",
    "data": [
      {
        "text": "what work experience does your master have?",
        "userDefined": false
      }
    ],
    "isTemplate": false,
    "count": 0,
    "updated": 0
  },
  {
    "id": "03133c41-079a-411e-a59f-4bd2549ae131",
    "data": [
      {
        "text": "what industry experience does suraj have?",
        "userDefined": false
      }
    ],
    "isTemplate": false,
    "count": 0,
    "updated": 0
  },
  {
    "id": "383feaf5-b4d8-4dec-8382-6fc462edff2f",
    "data": [
      {
        "text": "how much work experience does suraj have?",
        "userDefined": false
      }
    ],
    "isTemplate": false,
    "count": 0,
    "updated": 0
  },
  {
    "id": "0fcd8710-1ea2-4897-bd3d-b876e7a6a596",
    "data": [
      {
        "text": "experience",
        "meta": "@sys.ignore",
        "userDefined": false
      }
    ],
    "isTemplate": false,
    "count": 0,
    "updated": 0
  },
  {
    "id": "bf8e2532-f5a8-41c7-91f1-1fb559bc5657",
    "data": [
      {
        "text": "Industry ",
        "userDefined": false
      },
      {
        "text": "experience",
        "meta": "@sys.ignore",
        "userDefined": false
      }
    ],
    "isTemplate": false,
    "count": 0,
    "updated": 0
  }
]