[
  {
    "id": "3dd03516-7c3f-46e9-81be-9854884bc8ff",
    "data": [
      {
        "text": "who is your master?",
        "userDefined": false
      }
    ],
    "isTemplate": false,
    "count": 0,
    "updated": 0
  },
  {
    "id": "f2fdf3ce-af7a-4759-a753-c94ac1b4884d",
    "data": [
      {
        "text": "who is master?",
        "userDefined": false
      }
    ],
    "isTemplate": false,
    "count": 0,
    "updated": 0
  },
  {
    "id": "79d92c94-555e-412d-8eba-c4e72d395a0d",
    "data": [
      {
        "text": "intro?",
        "userDefined": false
      }
    ],
    "isTemplate": false,
    "count": 0,
    "updated": 0
  },
  {
    "id": "f9d38594-9270-433d-a069-4928579ab9d1",
    "data": [
      {
        "text": "yes please",
        "userDefined": false
      }
    ],
    "isTemplate": false,
    "count": 0,
    "updated": 0
  },
  {
    "id": "c77a797a-0b90-4f6f-bcc0-e68f586c0b07",
    "data": [
      {
        "text": "Sure",
        "userDefined": false
      }
    ],
    "isTemplate": false,
    "count": 0,
    "updated": 0
  },
  {
    "id": "851e0011-8045-4b52-b989-372281c8f6fd",
    "data": [
      {
        "text": "What do you know about your ",
        "userDefined": false
      },
      {
        "text": "master",
        "meta": "@sys.ignore",
        "userDefined": true
      },
      {
        "text": "?",
        "userDefined": false
      }
    ],
    "isTemplate": false,
    "count": 0,
    "updated": 0
  },
  {
    "id": "f4d6e8fb-2bc9-425f-8ee7-d9e932b4ca16",
    "data": [
      {
        "text": "What do you know about ",
        "userDefined": false
      },
      {
        "text": "Suraj",
        "meta": "@sys.ignore",
        "userDefined": true
      },
      {
        "text": "?",
        "userDefined": false
      }
    ],
    "isTemplate": false,
    "count": 0,
    "updated": 0
  },
  {
    "id": "c4afa7d8-8543-4d16-9d0a-b95c61bb8db0",
    "data": [
      {
        "text": "Can you provide ",
        "userDefined": false
      },
      {
        "text": "his",
        "meta": "@sys.ignore",
        "userDefined": true
      },
      {
        "text": " ",
        "userDefined": false
      },
      {
        "text": "introduction",
        "meta": "@sys.ignore",
        "userDefined": true
      },
      {
        "text": "?",
        "userDefined": false
      }
    ],
    "isTemplate": false,
    "count": 0,
    "updated": 0
  },
  {
    "id": "716a5d76-dd28-440a-a28f-e1f24ed93204",
    "data": [
      {
        "text": "Who is ",
        "userDefined": false
      },
      {
        "text": "Suraj",
        "meta": "@sys.ignore",
        "userDefined": false
      },
      {
        "text": "?",
        "userDefined": false
      }
    ],
    "isTemplate": false,
    "count": 0,
    "updated": 0
  },
  {
    "id": "5c68b178-c4ba-4bb4-9c25-a4ca68ee7cb8",
    "data": [
      {
        "text": "Tell me about ",
        "userDefined": false
      },
      {
        "text": "Suraj",
        "meta": "@sys.ignore",
        "userDefined": true
      },
      {
        "text": "?",
        "userDefined": false
      }
    ],
    "isTemplate": false,
    "count": 0,
    "updated": 0
  },
  {
    "id": "69ec56c4-2d0c-4c78-a7ec-c15ece4f85e1",
    "data": [
      {
        "text": "Tell me about the ",
        "userDefined": false
      },
      {
        "text": "master",
        "meta": "@sys.ignore",
        "userDefined": true
      },
      {
        "text": "?",
        "userDefined": false
      }
    ],
    "isTemplate": false,
    "count": 0,
    "updated": 0
  }
]