[
  {
    "id": "e225a086-5d44-4178-a5ba-bab1caf1e45d",
    "data": [
      {
        "text": "what is your master\u0027s age?",
        "userDefined": false
      }
    ],
    "isTemplate": false,
    "count": 0,
    "updated": 0
  },
  {
    "id": "5224da67-c8ab-45d9-847a-5a15cc3a9982",
    "data": [
      {
        "text": "what is suraj\u0027s age?",
        "userDefined": false
      }
    ],
    "isTemplate": false,
    "count": 0,
    "updated": 0
  },
  {
    "id": "42fc3320-3d5e-4610-bbc9-50a7db01ec88",
    "data": [
      {
        "text": "how old is ",
        "userDefined": false
      },
      {
        "text": "suraj",
        "alias": "person",
        "meta": "@sys.person",
        "userDefined": false
      },
      {
        "text": "?",
        "userDefined": false
      }
    ],
    "isTemplate": false,
    "count": 0,
    "updated": 0
  },
  {
    "id": "1bc8dd43-dd36-48db-9b8c-c97aa53905b1",
    "data": [
      {
        "text": "how old is your master?",
        "userDefined": false
      }
    ],
    "isTemplate": false,
    "count": 0,
    "updated": 0
  }
]