[
  {
    "id": "f1a08d47-a676-443b-9f9e-dae16341ce67",
    "data": [
      {
        "text": "where is suraj doing his PhD from?",
        "userDefined": false
      }
    ],
    "isTemplate": false,
    "count": 0,
    "updated": 0
  },
  {
    "id": "cf80a383-c9a4-4e61-b34c-8609f24bbefe",
    "data": [
      {
        "text": "where is your master doing his PhD from?",
        "userDefined": false
      }
    ],
    "isTemplate": false,
    "count": 0,
    "updated": 0
  },
  {
    "id": "cc8eaed3-bb6c-4e27-80e0-d4dd1ec77480",
    "data": [
      {
        "text": "what school does your master go to?",
        "userDefined": false
      }
    ],
    "isTemplate": false,
    "count": 0,
    "updated": 0
  },
  {
    "id": "cf2006ce-8097-4099-932b-c6fef4fda94c",
    "data": [
      {
        "text": "what school does he go to?",
        "userDefined": false
      }
    ],
    "isTemplate": false,
    "count": 0,
    "updated": 0
  },
  {
    "id": "44089947-cade-43dd-a310-07a0240a991e",
    "data": [
      {
        "text": "where does suraj go to school at?",
        "userDefined": false
      }
    ],
    "isTemplate": false,
    "count": 0,
    "updated": 0
  },
  {
    "id": "a8c49aa8-ea2e-4d11-91d3-75dcac530c3e",
    "data": [
      {
        "text": "Suraj",
        "alias": "person",
        "meta": "@sys.person",
        "userDefined": false
      },
      {
        "text": "\u0027s school",
        "userDefined": false
      }
    ],
    "isTemplate": false,
    "count": 0,
    "updated": 0
  }
]