[
  {
    "id": "4f9b45fd-aed8-45ce-812f-57a92f0f2095",
    "data": [
      {
        "text": "where did suraj study automotive engineering?",
        "userDefined": false
      }
    ],
    "isTemplate": false,
    "count": 0,
    "updated": 0
  },
  {
    "id": "e89d5708-cdb4-4396-b283-beb25ec29baa",
    "data": [
      {
        "text": "where did suraj go to school for his Masters?",
        "userDefined": false
      }
    ],
    "isTemplate": false,
    "count": 0,
    "updated": 0
  },
  {
    "id": "7f250255-8562-4532-8b68-ddabfeaf7725",
    "data": [
      {
        "text": "where did suraj do his Masters from?",
        "userDefined": false
      }
    ],
    "isTemplate": false,
    "count": 0,
    "updated": 0
  }
]