[
  {
    "id": "1ebaacd9-e44a-4e94-80f3-e4fd6267906f",
    "data": [
      {
        "text": "how is he doing?",
        "userDefined": false
      }
    ],
    "isTemplate": false,
    "count": 0,
    "updated": 0
  },
  {
    "id": "4829e4fc-2783-4842-b5e7-1c8c45f11f4a",
    "data": [
      {
        "text": "how is your master doing?",
        "userDefined": false
      }
    ],
    "isTemplate": false,
    "count": 0,
    "updated": 0
  },
  {
    "id": "79fa0a46-d974-45ee-980b-ad3931d9bd41",
    "data": [
      {
        "text": "how is suraj doing?",
        "userDefined": false
      }
    ],
    "isTemplate": false,
    "count": 0,
    "updated": 0
  },
  {
    "id": "8aa25581-c595-40ce-b161-b0998d6fdf89",
    "data": [
      {
        "text": "how is suraj?",
        "userDefined": false
      }
    ],
    "isTemplate": false,
    "count": 0,
    "updated": 0
  },
  {
    "id": "8515c969-21f9-4613-9ef6-3e69af2e78f6",
    "data": [
      {
        "text": "how is your master?",
        "userDefined": false
      }
    ],
    "isTemplate": false,
    "count": 1,
    "updated": 0
  }
]