[
  {
    "id": "cccb3717-f0b0-4611-813e-316ebd98ad46",
    "data": [
      {
        "text": "what is his name?",
        "userDefined": false
      }
    ],
    "isTemplate": false,
    "count": 0,
    "updated": 0
  },
  {
    "id": "1b49eec2-bddf-4bb0-9d38-816af2b7b730",
    "data": [
      {
        "text": "what is master\u0027s full name?",
        "userDefined": false
      }
    ],
    "isTemplate": false,
    "count": 0,
    "updated": 0
  },
  {
    "id": "6c71ab42-f7c0-47af-a9b4-33defa0d0c56",
    "data": [
      {
        "text": "what is master\u0027s name?",
        "userDefined": false
      }
    ],
    "isTemplate": false,
    "count": 0,
    "updated": 0
  }
]