[
  {
    "id": "01b50cb7-a427-4d19-95f9-d1b4503f38f9",
    "data": [
      {
        "text": "how long has suraj been in ",
        "userDefined": false
      },
      {
        "text": "michigan",
        "alias": "geo-state",
        "meta": "@sys.geo-state",
        "userDefined": false
      },
      {
        "text": "?",
        "userDefined": false
      }
    ],
    "isTemplate": false,
    "count": 0,
    "updated": 0
  },
  {
    "id": "13da011a-48fe-44f0-89cf-1c2222e1f31c",
    "data": [
      {
        "text": "since when is suraj in ",
        "userDefined": false
      },
      {
        "text": "michigan",
        "alias": "geo-city",
        "meta": "@sys.geo-city",
        "userDefined": false
      },
      {
        "text": "?",
        "userDefined": false
      }
    ],
    "isTemplate": false,
    "count": 0,
    "updated": 0
  },
  {
    "id": "b35ef952-3aeb-4573-a936-484d7fd04005",
    "data": [
      {
        "text": "how long has your master been in ",
        "userDefined": false
      },
      {
        "text": "michigan",
        "alias": "geo-city",
        "meta": "@sys.geo-city",
        "userDefined": false
      },
      {
        "text": "?",
        "userDefined": false
      }
    ],
    "isTemplate": false,
    "count": 0,
    "updated": 0
  },
  {
    "id": "83f8c71d-03c7-4a1f-bb62-d19502fec536",
    "data": [
      {
        "text": "where does he live?",
        "userDefined": false
      }
    ],
    "isTemplate": false,
    "count": 0,
    "updated": 0
  },
  {
    "id": "7556599b-e75f-4098-8acb-017edd70c334",
    "data": [
      {
        "text": "where does your master live?",
        "userDefined": false
      }
    ],
    "isTemplate": false,
    "count": 0,
    "updated": 0
  }
]