[
  {
    "id": "2bebc847-0552-492a-a399-45d725486f73",
    "data": [
      {
        "text": "is there a best way to reach him?",
        "userDefined": false
      }
    ],
    "isTemplate": false,
    "count": 0,
    "updated": 0
  },
  {
    "id": "203c5c20-503a-4d5a-a7a0-a88256c02eb0",
    "data": [
      {
        "text": "how can I reach your master?",
        "userDefined": false
      }
    ],
    "isTemplate": false,
    "count": 0,
    "updated": 0
  },
  {
    "id": "53dd6581-700d-4909-8779-eef9f6aa079c",
    "data": [
      {
        "text": "what is the best way to reach your master?",
        "userDefined": false
      }
    ],
    "isTemplate": false,
    "count": 0,
    "updated": 0
  },
  {
    "id": "ee091d35-aefd-4448-83ed-43d929d555bf",
    "data": [
      {
        "text": "what is your master\u0027s contact information?",
        "userDefined": false
      }
    ],
    "isTemplate": false,
    "count": 0,
    "updated": 0
  },
  {
    "id": "6e95174e-53e1-4106-815a-34b495190ce0",
    "data": [
      {
        "text": "how can i contact your master?",
        "userDefined": false
      }
    ],
    "isTemplate": false,
    "count": 0,
    "updated": 0
  },
  {
    "id": "73dc3ead-bc30-44d4-80ac-e7a9a478277b",
    "data": [
      {
        "text": "What is Suraj\u0027s phone number?",
        "userDefined": false
      }
    ],
    "isTemplate": false,
    "count": 0,
    "updated": 0
  },
  {
    "id": "73cfb129-b125-4f32-bfe8-f7d2876a776f",
    "data": [
      {
        "text": "what is his phone number?",
        "userDefined": false
      }
    ],
    "isTemplate": false,
    "count": 0,
    "updated": 0
  },
  {
    "id": "64b4c996-5970-4eaf-9057-7aa25170266c",
    "data": [
      {
        "text": "do you have his ",
        "userDefined": false
      },
      {
        "text": "contact",
        "meta": "@sys.ignore",
        "userDefined": false
      },
      {
        "text": " information?",
        "userDefined": false
      }
    ],
    "isTemplate": false,
    "count": 0,
    "updated": 0
  },
  {
    "id": "9200f5e0-ac18-4b8e-95df-03f2d88e8658",
    "data": [
      {
        "text": "what is the best way to reach him?",
        "userDefined": false
      }
    ],
    "isTemplate": false,
    "count": 0,
    "updated": 0
  },
  {
    "id": "228468b5-a6f2-4769-bfe7-b26f9bd95b0a",
    "data": [
      {
        "text": "what is his ",
        "userDefined": false
      },
      {
        "text": "contact",
        "meta": "@sys.ignore",
        "userDefined": false
      },
      {
        "text": " information?",
        "userDefined": false
      }
    ],
    "isTemplate": false,
    "count": 0,
    "updated": 0
  },
  {
    "id": "39fe8845-1bd7-45ee-bec5-4f40c3a70f3b",
    "data": [
      {
        "text": "where can I reach him?",
        "userDefined": false
      }
    ],
    "isTemplate": false,
    "count": 0,
    "updated": 0
  },
  {
    "id": "d2eac6a5-ec78-4b18-8f1a-78f35d0966a7",
    "data": [
      {
        "text": "how can I reach him?",
        "userDefined": false
      }
    ],
    "isTemplate": false,
    "count": 0,
    "updated": 0
  },
  {
    "id": "57b1f821-a4f9-483f-837c-b230e1e0fa84",
    "data": [
      {
        "text": "how can I ",
        "userDefined": false
      },
      {
        "text": "contact",
        "meta": "@sys.ignore",
        "userDefined": false
      },
      {
        "text": " him?",
        "userDefined": false
      }
    ],
    "isTemplate": false,
    "count": 0,
    "updated": 0
  },
  {
    "id": "9ac28b20-ae04-4d2a-9e30-c1ffd420ab0f",
    "data": [
      {
        "text": "contact",
        "meta": "@sys.ignore",
        "userDefined": false
      }
    ],
    "isTemplate": false,
    "count": 0,
    "updated": 0
  }
]