[
  {
    "id": "eb1d841f-c21f-4d9e-a250-a8c02c91917d",
    "data": [
      {
        "text": "can you tell me about his research?",
        "userDefined": false
      }
    ],
    "isTemplate": false,
    "count": 0,
    "updated": 0
  },
  {
    "id": "0b04dfe1-11f1-40a2-8838-6ddd73ddbbfb",
    "data": [
      {
        "text": "what research experience does suraj have?",
        "userDefined": false
      }
    ],
    "isTemplate": false,
    "count": 0,
    "updated": 0
  },
  {
    "id": "3abe6782-88cf-4dfb-b9ad-b07963fa9631",
    "data": [
      {
        "text": "what is suraj\u0027s research background?",
        "userDefined": false
      }
    ],
    "isTemplate": false,
    "count": 0,
    "updated": 0
  },
  {
    "id": "dec9179d-4f0c-405b-b06b-babac2f440de",
    "data": [
      {
        "text": "what is your master\u0027s research experience?",
        "userDefined": false
      }
    ],
    "isTemplate": false,
    "count": 0,
    "updated": 0
  },
  {
    "id": "65a4d5a8-82fc-47f6-99a1-7d45b46ccfe5",
    "data": [
      {
        "text": "research background",
        "userDefined": false
      }
    ],
    "isTemplate": false,
    "count": 0,
    "updated": 0
  },
  {
    "id": "acb91f77-9ba9-4a48-8073-e069d735e3f2",
    "data": [
      {
        "text": "Research",
        "userDefined": false
      }
    ],
    "isTemplate": false,
    "count": 0,
    "updated": 0
  }
]