[
  {
    "id": "4b035f81-e66c-4b52-82f5-bb7e66ac7e34",
    "data": [
      {
        "text": "rosy",
        "alias": "person",
        "meta": "@sys.person",
        "userDefined": false
      },
      {
        "text": " how is it going?",
        "userDefined": false
      }
    ],
    "isTemplate": false,
    "count": 0,
    "updated": 0
  },
  {
    "id": "44e356fe-2571-421e-ab20-1c97f233dcf2",
    "data": [
      {
        "text": "how is it going ",
        "userDefined": false
      },
      {
        "text": "rosy",
        "alias": "person",
        "meta": "@sys.person",
        "userDefined": false
      },
      {
        "text": "?",
        "userDefined": false
      }
    ],
    "isTemplate": false,
    "count": 0,
    "updated": 0
  },
  {
    "id": "d3d801cf-fba4-4358-82d1-941531e7e2b4",
    "data": [
      {
        "text": "Rosy",
        "alias": "person",
        "meta": "@sys.person",
        "userDefined": false
      },
      {
        "text": " how are you?",
        "userDefined": false
      }
    ],
    "isTemplate": false,
    "count": 0,
    "updated": 0
  },
  {
    "id": "14ebb422-a783-4934-af46-2aa1f3ac71e9",
    "data": [
      {
        "text": "how are you doing?",
        "userDefined": false
      }
    ],
    "isTemplate": false,
    "count": 0,
    "updated": 0
  }
]