[
  {
    "id": "8f374332-3450-48d5-8fa0-f335d50c9856",
    "data": [
      {
        "text": "Are you real?",
        "userDefined": false
      }
    ],
    "isTemplate": false,
    "count": 0,
    "updated": 0
  },
  {
    "id": "b4a9e405-2cbc-4c7a-a291-47eb131dd1d4",
    "data": [
      {
        "text": "Rosy who are you?",
        "userDefined": false
      }
    ],
    "isTemplate": false,
    "count": 0,
    "updated": 0
  },
  {
    "id": "3c2bfadc-7a12-48d8-9e59-69789ca52dac",
    "data": [
      {
        "text": "Who are you Rosy?",
        "userDefined": false
      }
    ],
    "isTemplate": false,
    "count": 0,
    "updated": 0
  },
  {
    "id": "72266110-7b84-4601-b919-450e4fe6b603",
    "data": [
      {
        "text": "what language do you understand?",
        "userDefined": false
      }
    ],
    "isTemplate": false,
    "count": 0,
    "updated": 0
  },
  {
    "id": "942fdea8-913e-4891-93cd-fe2d916202f1",
    "data": [
      {
        "text": "can you talk?",
        "userDefined": false
      }
    ],
    "isTemplate": false,
    "count": 0,
    "updated": 0
  },
  {
    "id": "010533fc-15a8-4bde-9fea-dda7bec49940",
    "data": [
      {
        "text": "What language do you speak?",
        "userDefined": false
      }
    ],
    "isTemplate": false,
    "count": 0,
    "updated": 0
  }
]