[
  {
    "id": "d60ceebb-9e34-48ae-9785-31090f34ffd0",
    "data": [
      {
        "text": "i am doing really well thanks for asking",
        "userDefined": false
      }
    ],
    "isTemplate": false,
    "count": 0,
    "updated": 0
  },
  {
    "id": "6e8e9e77-0e7b-45a1-ab02-73071972b756",
    "data": [
      {
        "text": "i am doing awesome",
        "userDefined": false
      }
    ],
    "isTemplate": false,
    "count": 0,
    "updated": 0
  },
  {
    "id": "5d280f57-4491-4079-96ef-db22e370959b",
    "data": [
      {
        "text": "awesome",
        "userDefined": false
      }
    ],
    "isTemplate": false,
    "count": 0,
    "updated": 0
  },
  {
    "id": "b0e9f114-fca4-4970-925d-6cdd101e1a29",
    "data": [
      {
        "text": "i am great",
        "userDefined": false
      }
    ],
    "isTemplate": false,
    "count": 0,
    "updated": 0
  },
  {
    "id": "b32f8f99-15ae-44d2-bf31-8749bcfd064d",
    "data": [
      {
        "text": "i am doing good",
        "userDefined": false
      }
    ],
    "isTemplate": false,
    "count": 0,
    "updated": 0
  }
]