[
  {
    "id": "48f7522c-7f19-4498-9088-71b80a744cad",
    "data": [
      {
        "text": "i am not doing good ",
        "userDefined": false
      },
      {
        "text": "today",
        "alias": "date",
        "meta": "@sys.date",
        "userDefined": false
      }
    ],
    "isTemplate": false,
    "count": 0,
    "updated": 0
  },
  {
    "id": "fec5f4a9-2c5d-4b61-8664-d4372aa2953c",
    "data": [
      {
        "text": "not good ",
        "userDefined": false
      },
      {
        "text": "today",
        "alias": "date",
        "meta": "@sys.date",
        "userDefined": false
      }
    ],
    "isTemplate": false,
    "count": 0,
    "updated": 0
  },
  {
    "id": "907032e8-9a8b-44c9-a6a1-3b94acd053c3",
    "data": [
      {
        "text": "i am having a terrible day",
        "userDefined": false
      }
    ],
    "isTemplate": false,
    "count": 0,
    "updated": 0
  },
  {
    "id": "6b06eee3-1156-41e4-9deb-09d9081afaad",
    "data": [
      {
        "text": "i am having a bad day",
        "userDefined": false
      }
    ],
    "isTemplate": false,
    "count": 0,
    "updated": 0
  },
  {
    "id": "b5649c48-6e27-4e5a-acf5-7828659a86df",
    "data": [
      {
        "text": "i am sad",
        "userDefined": false
      }
    ],
    "isTemplate": false,
    "count": 0,
    "updated": 0
  },
  {
    "id": "f2a82efe-35b9-44cc-b690-50d7079a62ef",
    "data": [
      {
        "text": "i don\u0027t feel good",
        "userDefined": false
      }
    ],
    "isTemplate": false,
    "count": 0,
    "updated": 0
  },
  {
    "id": "8b3c1ba7-1c62-4a5f-8293-8bba2bb37c3b",
    "data": [
      {
        "text": "i am not doing great",
        "userDefined": false
      }
    ],
    "isTemplate": false,
    "count": 0,
    "updated": 0
  },
  {
    "id": "64d80129-a73f-4d1c-8b30-c5ce2a1a0b72",
    "data": [
      {
        "text": "not great",
        "userDefined": false
      }
    ],
    "isTemplate": false,
    "count": 0,
    "updated": 0
  },
  {
    "id": "b1332412-7f83-4520-af7f-20594007cf31",
    "data": [
      {
        "text": "not good",
        "userDefined": false
      }
    ],
    "isTemplate": false,
    "count": 0,
    "updated": 0
  }
]