[
  {
    "id": "f9d60b17-6cd4-4230-83c2-8810c3ef9baa",
    "data": [
      {
        "text": "what all can you do?",
        "userDefined": false
      }
    ],
    "isTemplate": false,
    "count": 0,
    "updated": 0
  },
  {
    "id": "f885bc96-a4dd-4528-857c-18c4377c2325",
    "data": [
      {
        "text": "what can you do?",
        "userDefined": false
      }
    ],
    "isTemplate": false,
    "count": 0,
    "updated": 0
  },
  {
    "id": "5fb7968d-cc16-4dd5-97df-599f88f0bdc3",
    "data": [
      {
        "text": "what tricks do you know?",
        "userDefined": false
      }
    ],
    "isTemplate": false,
    "count": 0,
    "updated": 0
  }
]