[
  {
    "id": "646263bb-e883-49ac-85f8-9432019978a6",
    "data": [
      {
        "text": "Rosy",
        "alias": "person",
        "meta": "@sys.person",
        "userDefined": false
      },
      {
        "text": " what music do you like?",
        "userDefined": false
      }
    ],
    "isTemplate": false,
    "count": 0,
    "updated": 0
  },
  {
    "id": "276f2b1e-3a41-4db1-a550-dc5ddd0d24bd",
    "data": [
      {
        "text": "what do you like to listen to?",
        "userDefined": false
      }
    ],
    "isTemplate": false,
    "count": 0,
    "updated": 0
  },
  {
    "id": "fcbe6345-6c94-4007-944c-d70cf1071c89",
    "data": [
      {
        "text": "what song do you like?",
        "userDefined": false
      }
    ],
    "isTemplate": false,
    "count": 0,
    "updated": 0
  },
  {
    "id": "385b390e-3851-4580-84c7-756b6ba0e2b9",
    "data": [
      {
        "text": "what music do you listen to?",
        "userDefined": false
      }
    ],
    "isTemplate": false,
    "count": 0,
    "updated": 0
  },
  {
    "id": "70e921cd-ca0c-4818-8e36-cd5cf9a66db5",
    "data": [
      {
        "text": "what kind of music do you like?",
        "userDefined": false
      }
    ],
    "isTemplate": false,
    "count": 0,
    "updated": 0
  }
]