[
  {
    "id": "c2795666-f7bd-45de-bb09-eaee7eceb933",
    "data": [
      {
        "text": "Is ",
        "userDefined": false
      },
      {
        "text": "rosy",
        "alias": "person",
        "meta": "@sys.person",
        "userDefined": false
      },
      {
        "text": " your real name?",
        "userDefined": false
      }
    ],
    "isTemplate": false,
    "count": 0,
    "updated": 0
  },
  {
    "id": "f6d26b23-92c6-4118-b7a6-16df0728ee72",
    "data": [
      {
        "text": "is your name ",
        "userDefined": false
      },
      {
        "text": "Rosy",
        "alias": "person",
        "meta": "@sys.person",
        "userDefined": false
      },
      {
        "text": "?",
        "userDefined": false
      }
    ],
    "isTemplate": false,
    "count": 0,
    "updated": 0
  },
  {
    "id": "f7ce2c7c-93be-4c77-8407-b1955f49fd0a",
    "data": [
      {
        "text": "what are you called?",
        "userDefined": false
      }
    ],
    "isTemplate": false,
    "count": 0,
    "updated": 0
  },
  {
    "id": "cf52b51c-248e-49b1-ab90-0659cb068f59",
    "data": [
      {
        "text": "What is your name?",
        "userDefined": false
      }
    ],
    "isTemplate": false,
    "count": 0,
    "updated": 0
  }
]