[
  {
    "id": "a9489a13-d565-456d-bb69-d83fabb77b30",
    "data": [
      {
        "text": "where are you from?",
        "userDefined": false
      }
    ],
    "isTemplate": false,
    "count": 0,
    "updated": 0
  },
  {
    "id": "8f4687c1-b9ab-4e47-b4cc-e86184284bdd",
    "data": [
      {
        "text": "where are you from ",
        "userDefined": false
      },
      {
        "text": "Rosy",
        "alias": "person",
        "meta": "@sys.person",
        "userDefined": false
      },
      {
        "text": "?",
        "userDefined": false
      }
    ],
    "isTemplate": false,
    "count": 0,
    "updated": 0
  },
  {
    "id": "6dcbed39-6499-4796-9fea-af9c68d09d79",
    "data": [
      {
        "text": "Rosy",
        "alias": "person",
        "meta": "@sys.person",
        "userDefined": false
      },
      {
        "text": ", where do you live?",
        "userDefined": false
      }
    ],
    "isTemplate": false,
    "count": 0,
    "updated": 0
  },
  {
    "id": "29979ac1-f99f-4e71-bbae-4439375f0814",
    "data": [
      {
        "text": "where do you live?",
        "userDefined": false
      }
    ],
    "isTemplate": false,
    "count": 0,
    "updated": 0
  },
  {
    "id": "d5ed0ae8-8c6f-449c-b30c-73a759f26a23",
    "data": [
      {
        "text": "where are you?",
        "userDefined": false
      }
    ],
    "isTemplate": false,
    "count": 0,
    "updated": 0
  }
]