[
  {
    "id": "2a71873d-8ee1-4162-a5f9-7878b4eb6628",
    "data": [
      {
        "text": "are you real?",
        "userDefined": false
      }
    ],
    "isTemplate": false,
    "count": 0,
    "updated": 0
  },
  {
    "id": "e928aac2-ee61-4f56-8841-7efb3397a272",
    "data": [
      {
        "text": "do you feel?",
        "userDefined": false
      }
    ],
    "isTemplate": false,
    "count": 0,
    "updated": 0
  },
  {
    "id": "b9e8d4a5-f1ff-49bd-9347-d0f1eb20eef8",
    "data": [
      {
        "text": "Do you have feelings?",
        "userDefined": false
      }
    ],
    "isTemplate": false,
    "count": 0,
    "updated": 0
  }
]