[
  {
    "id": "48190cf6-ab6e-4fa5-a8c7-b2931198e5fd",
    "data": [
      {
        "text": "what kind of food do you like?",
        "userDefined": false
      }
    ],
    "isTemplate": false,
    "count": 0,
    "updated": 0
  },
  {
    "id": "73d91832-5455-4f35-85fd-eb7f5360115d",
    "data": [
      {
        "text": "what food do you like?",
        "userDefined": false
      }
    ],
    "isTemplate": false,
    "count": 0,
    "updated": 0
  },
  {
    "id": "6f6d021a-20c7-4590-91bf-31814deaf8f1",
    "data": [
      {
        "text": "what does your master give you for food?",
        "userDefined": false
      }
    ],
    "isTemplate": false,
    "count": 0,
    "updated": 0
  },
  {
    "id": "7f91f715-13db-45c7-9411-3e0df3750953",
    "data": [
      {
        "text": "what do you like to eat ",
        "userDefined": false
      },
      {
        "text": "rosy",
        "alias": "person",
        "meta": "@sys.person",
        "userDefined": false
      },
      {
        "text": "?",
        "userDefined": false
      }
    ],
    "isTemplate": false,
    "count": 0,
    "updated": 0
  },
  {
    "id": "780cafb6-7edb-40e0-99c1-7d6a14456088",
    "data": [
      {
        "text": "what did you eat for lunch?",
        "userDefined": false
      }
    ],
    "isTemplate": false,
    "count": 0,
    "updated": 0
  },
  {
    "id": "12834470-7dac-4272-8982-522d2a62feba",
    "data": [
      {
        "text": "what food do you eat?",
        "userDefined": false
      }
    ],
    "isTemplate": false,
    "count": 0,
    "updated": 0
  },
  {
    "id": "13cecc61-0809-406f-8a1d-aebe8d3606ad",
    "data": [
      {
        "text": "What do you eat?",
        "userDefined": false
      }
    ],
    "isTemplate": false,
    "count": 0,
    "updated": 0
  }
]