[
  {
    "id": "f6e40eed-cbe4-48ce-8df0-861fb9653294",
    "data": [
      {
        "text": "where did your master do his undergraduation?",
        "userDefined": false
      }
    ],
    "isTemplate": false,
    "count": 0,
    "updated": 0
  },
  {
    "id": "91ae2775-9ff9-4c43-99ee-0aaa9bd74d6e",
    "data": [
      {
        "text": "where did your master go for undergrad?",
        "userDefined": false
      }
    ],
    "isTemplate": false,
    "count": 0,
    "updated": 0
  },
  {
    "id": "e0ae3779-a7d9-44f8-9a10-615dad1c1da6",
    "data": [
      {
        "text": "when did suraj do his undergrad?",
        "userDefined": false
      }
    ],
    "isTemplate": false,
    "count": 0,
    "updated": 0
  },
  {
    "id": "60d6138d-119e-4b6a-9df4-fe1edfe00690",
    "data": [
      {
        "text": "what did suraj do for undergraduation?",
        "userDefined": false
      }
    ],
    "isTemplate": false,
    "count": 0,
    "updated": 0
  },
  {
    "id": "57b34284-b671-4a1b-9375-d9b2ec7b2b37",
    "data": [
      {
        "text": "where did suraj go for undergrad?",
        "userDefined": false
      }
    ],
    "isTemplate": false,
    "count": 0,
    "updated": 0
  },
  {
    "id": "72ea780f-184b-4467-82a0-3cbae1074244",
    "data": [
      {
        "text": "where did suraj go for undergraduation?",
        "userDefined": false
      }
    ],
    "isTemplate": false,
    "count": 0,
    "updated": 0
  }
]