[
  {
    "id": "8f612873-4100-4365-bfe4-9b2d6c32530c",
    "data": [
      {
        "text": "what does your master do?",
        "userDefined": false
      }
    ],
    "isTemplate": false,
    "count": 0,
    "updated": 0
  },
  {
    "id": "3cafc98c-4f90-464e-a94e-fff7cb4b36e4",
    "data": [
      {
        "text": "where is suraj working?",
        "userDefined": false
      }
    ],
    "isTemplate": false,
    "count": 0,
    "updated": 0
  },
  {
    "id": "0a5492d7-0440-499e-9213-4a3d19e9f725",
    "data": [
      {
        "text": "where does your master work?",
        "userDefined": false
      }
    ],
    "isTemplate": false,
    "count": 0,
    "updated": 0
  },
  {
    "id": "8a1c7536-7319-4ed6-9658-59489411e18c",
    "data": [
      {
        "text": "where does suraj currently work?",
        "userDefined": false
      }
    ],
    "isTemplate": false,
    "count": 0,
    "updated": 0
  }
]