[
  {
    "id": "c7164f64-de8e-42c5-9ad2-4d41b3d699a6",
    "data": [
      {
        "text": "what is your master doing?",
        "userDefined": false
      }
    ],
    "isTemplate": false,
    "count": 0,
    "updated": 0
  },
  {
    "id": "b376771e-b208-4357-a0fc-7e9fb3160839",
    "data": [
      {
        "text": "where is suraj?",
        "userDefined": false
      }
    ],
    "isTemplate": false,
    "count": 0,
    "updated": 0
  },
  {
    "id": "aeb69af3-6fb0-4b8a-97c1-8c1f8d58d791",
    "data": [
      {
        "text": "where is he?",
        "userDefined": false
      }
    ],
    "isTemplate": false,
    "count": 0,
    "updated": 0
  },
  {
    "id": "3b6d7e6f-5e74-43ce-89a7-405a99d0dea2",
    "data": [
      {
        "text": "where?",
        "userDefined": false
      }
    ],
    "isTemplate": false,
    "count": 0,
    "updated": 0
  },
  {
    "id": "a3e4fe80-50c0-46c1-a606-13ed336e8efe",
    "data": [
      {
        "text": "why?",
        "userDefined": false
      }
    ],
    "isTemplate": false,
    "count": 0,
    "updated": 0
  },
  {
    "id": "666f8a28-79ac-4fd3-a6c8-35b8abbfa689",
    "data": [
      {
        "text": "why not?",
        "userDefined": false
      }
    ],
    "isTemplate": false,
    "count": 0,
    "updated": 0
  },
  {
    "id": "6c200067-cf9e-4f72-90ae-d1e3d3cd451e",
    "data": [
      {
        "text": "why is your master not available?",
        "userDefined": false
      }
    ],
    "isTemplate": false,
    "count": 0,
    "updated": 0
  },
  {
    "id": "bad4b65b-5434-47ce-a1dd-8c6fc915b34a",
    "data": [
      {
        "text": "why is he not available?",
        "userDefined": false
      }
    ],
    "isTemplate": false,
    "count": 0,
    "updated": 0
  },
  {
    "id": "b66f3621-5c3f-4fa4-b629-f525b7cd4a17",
    "data": [
      {
        "text": "how can i find your master?",
        "userDefined": false
      }
    ],
    "isTemplate": false,
    "count": 0,
    "updated": 0
  },
  {
    "id": "e11481cc-134f-4292-9ab9-3caebf8f3517",
    "data": [
      {
        "text": "where is your master?",
        "userDefined": false
      }
    ],
    "isTemplate": false,
    "count": 1,
    "updated": 0
  }
]